text,label
"This product exceeded all my expectations! Absolutely fantastic quality and fast shipping.",positive
"Terrible experience. The item was damaged and customer service was unhelpful.",negative
"It's okay, nothing special. Does what it's supposed to do.",neutral
"Outstanding! Best purchase I've made this year. Highly recommend to everyone!",positive
"Complete waste of money. Poor quality and doesn't work as advertised.",negative
"Average product, met my basic needs but nothing more.",neutral
"Incredible value for the price. Works perfectly and looks great too!",positive
"Very disappointed. Product broke after one week of use.",negative
"Decent quality for the price point. No complaints.",neutral
"Amazing customer service and the product quality is top-notch!",positive
"Do not buy! Cheap materials and false advertising.",negative
"It's fine. Gets the job done but there are better options out there.",neutral
"Love it! Exactly what I was looking for. Will definitely buy again.",positive
"Worst purchase ever. Requesting a refund immediately.",negative
"Adequate performance. Nothing to write home about.",neutral
"Superb craftsmanship! You can tell they care about quality.",positive
"Disappointed with the quality. Expected much better for the price.",negative
"Meets expectations. No more, no less.",neutral
"Fantastic! Can't stop recommending this to my friends.",positive
"Save your money and look elsewhere. Not worth it.",negative
"Absolutely brilliant! The design is sleek and modern. Works flawlessly every single time.",positive
"Horrible quality control. Arrived with scratches and dents all over. Completely unacceptable.",negative
"Standard product. Nothing extraordinary but does the basic job adequately.",neutral
"Phenomenal experience from start to finish! Customer support was incredibly helpful and responsive.",positive
"Total disaster. Stopped working after two days. Company won't respond to my emails.",negative
"Reasonable purchase for the money. Not amazing but not terrible either.",neutral
"Exceeded every expectation I had! The attention to detail is remarkable. Five stars!",positive
"Utterly disappointed. The description was misleading. Product is nothing like advertised.",negative
"Satisfactory purchase. Serves its purpose without any major issues.",neutral
"Best investment I've made in years! Couldn't be happier with this purchase.",positive
"Absolutely terrible. Broke immediately upon first use. Complete waste of money.",negative
"Okay product. Nothing to complain about but nothing to praise either.",neutral
"Exceptional quality! You can really feel the premium materials. Worth every penny!",positive
"Very poor experience. Multiple defects and the company refused to help.",negative
"Average quality for an average price. Fair trade-off in my opinion.",neutral
"Brilliant product! Solves all my problems perfectly. Highly recommended!",positive
"Disappointed beyond words. Expected much more based on the reviews.",negative
"Decent option if you're on a budget. Don't expect miracles though.",neutral
"Outstanding craftsmanship! Every detail is perfect. Truly impressed!",positive
"Regret buying this. Quality is subpar and performance is lacking.",negative
"Middle of the road product. Gets the job done without fuss.",neutral
"Absolutely love everything about this! Best purchase of the year hands down!",positive
"Horrible product. Nothing works as it should. Avoid at all costs!",negative
"Fair product for the price point. Meets basic expectations.",neutral
"Incredible! Blew my mind with how well it performs. Can't recommend enough!",positive
"Waste of time and money. Poor design and even worse execution.",negative
"Reasonable quality. Does what it's supposed to without drama.",neutral
"Perfect in every way! Couldn't ask for anything better. 10/10!",positive
"Extremely disappointed. Not worth even half the price paid.",negative
"Standard quality. Nothing special but reliable enough for daily use.",neutral
"Amazing product! Exceeds professional standards. Worth every single cent!",positive
"Terrible quality. Feels cheap and looks worse. Very unhappy customer.",negative
"Acceptable product. Neither impressed nor disappointed with purchase.",neutral
"Fantastic build quality! This is what premium should feel like!",positive
"Poor value for money. Many better alternatives available in market.",negative
"Adequate for basic needs. Don't expect premium features or quality.",neutral
"Absolutely phenomenal! Best decision I've ever made. Life changing!",positive
"Completely useless. Doesn't do what it claims. Total scam.",negative
"Satisfactory performance. No major complaints but nothing special either.",neutral
"Outstanding value! Can't believe how good this is for the price!",positive
"Deeply dissatisfied. Quality is far below acceptable standards.",negative
"Average product with average performance. Pretty much as expected.",neutral
"Exceptional! Every aspect is perfect. Couldn't be more satisfied!",positive
"Horrible experience from purchase to delivery. Will never buy again.",negative
"Okay for the price. You get what you pay for basically.",neutral
"Magnificent product! Truly impressed with every single detail!",positive
"Awful quality. Broke down within days. Terrible investment.",negative
"Fair quality for fair price. No surprises either way.",neutral
"Absolutely stellar! Beyond my wildest expectations. Pure excellence!",positive
"Disaster from start to finish. Multiple problems and zero support.",negative
"Standard fare. Does the job adequately without bells and whistles.",neutral
"Brilliant innovation! Revolutionary design and flawless execution!",positive
"Extremely poor quality. Feels like a cheap knockoff. Very disappointed.",negative
"Decent product overall. Serves its basic purpose reasonably well.",neutral
"Perfect! Everything I hoped for and more. Absolutely delighted!",positive
"Terrible craftsmanship. Looks and feels cheap. Not worth it.",negative
"Mediocre product. Neither good nor bad, just exists.",neutral
"Extraordinary! Sets a new standard for quality. Truly remarkable!",positive
"Very unhappy with purchase. Does not meet basic requirements.",negative
"Acceptable quality. Gets by but nothing to write home about.",neutral
"Superb engineering! Attention to detail is absolutely incredible!",positive
"Disappointing quality. Expected premium but got basic at best.",negative
"Fair purchase. Exactly what you'd expect for this price range.",neutral
"Phenomenal craftsmanship! Every element is perfectly executed!",positive
"Poor construction. Feels flimsy and unreliable. Not satisfied.",negative
"Reasonable option. Does the job without any major issues.",neutral
"Absolutely amazing! Best quality I've encountered in years!",positive
"Substandard product. Multiple flaws and poor performance overall.",negative
"Middle tier quality. Adequate for most basic applications.",neutral
"Outstanding innovation! Truly ahead of its time. Brilliant!",positive
"Terrible value. Overpriced for what you actually receive.",negative
"Standard quality product. Nothing remarkable but reliable.",neutral
"Spectacular results! Exceeded professional grade expectations!",positive
"Very poor materials. Cheap construction throughout. Avoid.",negative
"Satisfactory for everyday use. No complaints or praises.",neutral
"Incredible attention to detail! Perfection in every aspect!",positive
"Horrible design flaws. Clearly not tested properly before release.",negative
"Adequate functionality. Does basic tasks competently enough.",neutral
"Magnificent quality! Premium materials and expert craftsmanship!",positive
"Extremely disappointed with durability. Broke way too quickly.",negative
"Fair product for casual use. Don't expect professional grade.",neutral
"Perfect execution! Flawless design and implementation throughout!",positive
"Poor quality control evident. Multiple defects right out of box.",negative
"Decent option for budget-conscious buyers. Compromises made.",neutral
"Absolutely brilliant engineering! Innovation at its finest!",positive
"Terrible user experience. Frustrating and unreliable consistently.",negative
"Average performance metrics. Within normal expected range.",neutral
"Exceptional value proposition! Premium quality at reasonable price!",positive
"Very low quality materials used. Disappointing construction overall.",negative
"Reasonable purchase decision. Meets minimum acceptable standards.",neutral
"Outstanding performance! Exceeds industry leading benchmarks significantly!",positive
"Horrible packaging. Product arrived damaged and unusable completely.",negative
"Standard specifications met. Nothing exceeds basic requirements.",neutral
"Phenomenal results achieved! Best in class performance consistently!",positive
"Terrible reliability issues. Frequent failures and malfunctions.",negative
"Acceptable baseline product. Covers fundamental needs adequately.",neutral
"Brilliant innovation showcased! Revolutionary approach to design!",positive
"Poor customer service experience. Unhelpful and dismissive staff.",negative
"Fair compromise between cost and quality. Balanced offering.",neutral
"Absolutely perfect! Dream product realized. Complete satisfaction!",positive
"Extremely frustrating problems. Nothing works properly at all.",negative
"Mediocre execution overall. Neither impressive nor disappointing.",neutral
"Spectacular achievement! Surpasses all competing products easily!",positive
"Very unreliable performance. Consistent failures throughout usage.",negative
"Adequate solution provided. Meets basic functional requirements.",neutral
"Outstanding quality assurance! Zero defects found. Perfection!",positive
"Terrible build quality evident. Corners cut everywhere visible.",negative
"Reasonable expectations met. Standard product as described.",neutral
"Magnificent engineering feat! Truly impressive technical achievement!",positive
"Poor material choices made. Quality suffers significantly.",negative
"Fair functionality delivered. Does job without excellence.",neutral
"Absolutely incredible! Beyond any reasonable expectations!",positive
"Horrible manufacturing defects throughout. Quality disaster.",negative
"Standard industry offering. Typical product in category.",neutral
"Perfect implementation! Flawless execution from start to finish!",positive
"Very disappointing reliability. Failed multiple times already.",negative
"Decent everyday product. Suitable for basic applications.",neutral
"Exceptional innovation displayed! Game changing advancement!",positive
"Terrible value proposition. Much better alternatives exist.",negative
"Adequate for intended purpose. No major issues encountered.",neutral
"Brilliant design philosophy! Revolutionary thinking applied!",positive
"Poor performance characteristics. Below minimum standards.",negative
"Fair market offering. Competitive within price bracket.",neutral
"Outstanding reliability record! Never failed once in months!",positive
"Extremely low durability. Breaks easily with normal use.",negative
"Reasonable quality level. Acceptable for most users.",neutral
"Phenomenal user experience! Intuitive and powerful together!",positive
"Terrible software bugs. Crashes frequently and unpredictably.",negative
"Standard functionality set. Common features implemented.",neutral
"Absolutely stunning! Beautiful design meets perfect function!",positive
"Very poor packaging design. Product vulnerable to damage.",negative
"Decent construction quality. Solid enough for regular use.",neutral
"Spectacular performance gains! Dramatically improves workflow!",positive
"Horrible customer support. Impossible to reach anyone helpful.",negative
"Fair build quality overall. Nothing breaks easily or fails.",neutral
"Perfect balance achieved! Optimal trade-offs made throughout!",positive
"Terrible documentation provided. Instructions unclear and confusing.",negative
"Adequate feature set included. Covers basic use cases.",neutral
"Outstanding innovation! Pushes boundaries of what's possible!",positive
"Very disappointing finish quality. Rough edges and imperfections.",negative
"Reasonable durability shown. Holds up to normal wear.",neutral
"Brilliant execution! Every detail considered and perfected!",positive
"Poor material durability. Shows wear very quickly.",negative
"Standard performance delivered. Meets typical expectations.",neutral
"Absolutely magnificent! Artistry combined with functionality!",positive
"Terrible compatibility issues. Doesn't work with most things.",negative
"Fair quality standards met. Acceptable manufacturing tolerances.",neutral
"Exceptional reliability! Rock solid performance every time!",positive
"Very frustrating limitations. Can't do many basic things.",negative
"Decent value offering. Fair price for features provided.",neutral
"Outstanding craftsmanship evident! Master level work throughout!",positive
"Horrible design choices. Clearly not user tested properly.",negative
"Adequate performance level. Sufficient for most applications.",neutral
"Perfect engineering! Every component works harmoniously!",positive
"Terrible quality fade. Degrades rapidly with minimal use.",negative
"Reasonable functionality. Does advertised tasks competently.",neutral
"Absolutely revolutionary! Changes everything about the category!",positive
"Very poor ergonomics. Uncomfortable and awkward to use.",negative
"Standard specifications. Typical of products in segment.",neutral
"Magnificent achievement! Sets new benchmark for excellence!",positive
"Horrible materials used. Cheap feeling throughout product.",negative
"Fair performance metrics. Within acceptable operating range.",neutral
"Spectacular innovation! Truly groundbreaking approach taken!",positive
"Terrible assembly required. Instructions impossible to follow.",negative
"Decent reliability shown. Few issues over extended period.",neutral
"Outstanding attention to detail! Perfection in every element!",positive
"Very low performance. Struggles with even basic tasks.",negative
"Reasonable construction. Solid enough for intended use.",neutral
"Absolutely flawless! Zero compromises made anywhere!",positive
"Horrible battery life. Dies incredibly quickly always.",negative
"Adequate quality control. Acceptable defect rates observed.",neutral
"Brilliant innovation! Revolutionary features implemented beautifully!",positive
"Poor thermal management. Overheats constantly during use.",negative
"Fair build standards. Meets industry average benchmarks.",neutral
"Perfect optimization! Every aspect tuned to perfection!",positive
"Terrible noise levels. Excessively loud during operation.",negative
"Standard construction methods. Typical assembly and materials.",neutral
"Exceptional breakthrough! Game changing technology implemented!",positive
"Very unreliable connectivity. Drops connection constantly.",negative
"Decent material selection. Appropriate for price point.",neutral
"Outstanding performance! Blazing fast and incredibly responsive!",positive
"Horrible interface design. Confusing and unintuitive always.",negative
"Reasonable feature implementation. Core functions work properly.",neutral
"Absolutely perfect! Dream product brought to life!",positive
"Terrible weight distribution. Awkward and unbalanced badly.",negative
"Fair quality assurance. Acceptable testing standards applied.",neutral
"Magnificent engineering! Technical excellence on display!",positive
"Very poor screen quality. Dim and washed out colors.",negative
"Standard industry practice. Normal manufacturing approach.",neutral
"Perfect execution! Flawless from concept to delivery!",positive
"Horrible speaker quality. Tinny and distorted sound.",negative
"Adequate specifications. Meets minimum listed requirements.",neutral
"Brilliant design! Elegant solution to complex problem!",positive
"Terrible charging speed. Takes forever to fully charge.",negative
"Reasonable durability. Withstands normal usage patterns.",neutral
"Absolutely stunning! Beautiful aesthetics meet functionality!",positive
"Very disappointing camera. Blurry and poor low light.",negative
"Fair construction. Decent assembly without major flaws.",neutral
"Outstanding reliability! Never lets you down ever!",positive
"Horrible touch response. Laggy and misses inputs often.",negative
"Standard performance. Typical for devices in class.",neutral
"Spectacular achievement! Exceeds all expectations easily!",positive
"Terrible storage space. Fills up way too quickly.",negative
"Decent everyday performance. Handles routine tasks fine.",neutral
"Perfect optimization! Every resource used efficiently!",positive
"Very poor update support. Abandoned quickly by manufacturer.",negative
"Reasonable specifications. Appropriate for market segment.",neutral
"Absolutely incredible! Best in class without question!",positive
"Horrible security flaws. Multiple vulnerabilities discovered.",negative
"Fair quality product. Acceptable for most users.",neutral
"Brilliant breakthrough! Revolutionary advancement achieved!",positive
"Terrible GPS accuracy. Constantly shows wrong location.",negative
"Standard features included. Common functionality present.",neutral
"Outstanding value! Premium quality at budget price!",positive
"Very limited functionality. Can't do many needed things.",negative
"Decent build quality. Solid construction throughout.",neutral
"Perfect balance! Optimal combination of all factors!",positive
"Horrible bloatware included. Unnecessary apps can't remove.",negative
"Adequate performance. Sufficient for basic needs.",neutral
"Exceptional innovation! Truly ahead of competition!",positive
"Terrible sensor accuracy. Readings are consistently wrong.",negative
"Reasonable quality. Average product for average price.",neutral
"Absolutely magnificent! Masterpiece of engineering!",positive
"Very poor multitasking. Slows down with apps open.",negative
"Fair construction standards. Industry typical quality.",neutral
"Spectacular results! Delivers beyond promised specifications!",positive
"Horrible heating issues. Gets uncomfortably hot quickly.",negative
"Standard quality level. Meets expected benchmarks.",neutral
"Perfect implementation! Every feature works flawlessly!",positive
"Terrible memory management. Crashes with heavy usage.",negative
"Decent reliability. Few problems during ownership.",neutral
"Outstanding craftsmanship! Expert level work evident!",positive
"Very disappointing range. Signal drops far too easily.",negative
"Reasonable performance. Within normal operating parameters.",neutral
"Absolutely perfect! Everything done right completely!",positive
"Horrible gesture controls. Rarely work as intended.",negative
"Fair quality standards. Acceptable manufacturing quality.",neutral
"Brilliant engineering! Innovative solutions throughout!",positive
"Terrible notification system. Misses important alerts often.",negative
"Standard construction. Typical materials and assembly.",neutral
"Exceptional performance! Lightning fast and smooth!",positive
"Very poor voice quality. Calls sound muffled always.",negative
"Adequate features. Basic functionality implemented well.",neutral
"Outstanding innovation! Revolutionary product design!",positive
"Horrible auto-correct. Changes words to wrong things.",negative
"Reasonable build. Solid without being exceptional.",neutral
"Perfect engineering! Technical excellence throughout!",positive
"Terrible keyboard layout. Keys positioned awkwardly.",negative
"Fair specifications. Average for product category.",neutral
"Absolutely brilliant! Best purchase decision made!",positive
"Very limited customization. Can't change many settings.",negative
"Decent quality control. Few defects found.",neutral
"Spectacular design! Beautiful and functional together!",positive
"Horrible port placement. Very inconvenient locations.",negative
"Standard performance metrics. Normal for device type.",neutral
"Perfect execution! Flawless in every aspect!",positive
"Terrible vibration motor. Weak and barely noticeable.",negative
"Adequate construction. Meets basic quality standards.",neutral
"Outstanding achievement! Sets new industry standard!",positive
"Very poor fingerprint sensor. Rarely recognizes correctly.",negative
"Reasonable durability. Holds up to regular use.",neutral
"Absolutely incredible! Beyond any expectations!",positive
"Horrible face recognition. Fails frequently to unlock.",negative
"Fair quality product. Acceptable for most uses.",neutral
"Brilliant innovation! Game changing technology!",positive
"Terrible haptic feedback. Feels cheap and buzzy.",negative
"Standard functionality. Common features included.",neutral
"Perfect optimization! Every component maximized!",positive
"Very disappointing refresh rate. Noticeable lag present.",negative
"Decent specifications. Appropriate for price range.",neutral
"Exceptional quality! Premium materials throughout!",positive
"Horrible color accuracy. Display looks washed out.",negative
"Adequate performance. Handles basic tasks fine.",neutral
"Outstanding reliability! Never fails or crashes!",positive
"Terrible viewing angles. Screen looks bad off-center.",negative
"Reasonable construction. Solid build without issues.",neutral
"Absolutely magnificent! Perfection achieved completely!",positive
"Very poor ambient light sensor. Brightness adjusts badly.",negative
"Fair build quality. Standard construction methods.",neutral
"Spectacular engineering! Technical brilliance shown!",positive
"Horrible proximity sensor. Screen turns off incorrectly.",negative
"Standard quality level. Typical of market offerings.",neutral
"Perfect balance! Optimal in every dimension!",positive
"Terrible accelerometer. Motion tracking is inaccurate.",negative
"Decent durability. Withstands normal wear well.",neutral
"Outstanding innovation! Revolutionary advancement!",positive
"Very limited RAM. Struggles with multiple apps.",negative
"Reasonable quality. Average product delivered.",neutral
"Absolutely perfect! Dream device realized fully!",positive
"Horrible compass accuracy. Navigation constantly wrong.",negative
"Fair specifications. Meets listed requirements.",neutral
"Brilliant design! Elegant and powerful solution!",positive
"Terrible gyroscope. Rotation detection fails often.",negative
"Standard performance. Expected results achieved.",neutral
"Exceptional achievement! Industry leading product!",positive
"Very poor light sensor. Auto-brightness malfunctions.",negative
"Adequate build. Sufficient quality standards met.",neutral
"Perfect implementation! Everything works ideally!",positive
"Horrible barometer. Altitude readings are wrong.",negative
"Reasonable construction. Decent manufacturing quality.",neutral
"Outstanding craftsmanship! Master level work!",positive
"Terrible magnetometer. Direction finding is off.",negative
"Fair quality level. Acceptable product overall.",neutral
"Absolutely brilliant! Best in market easily!",positive
"Very disappointing processor. Lags frequently with tasks.",negative
"Decent reliability. Few failures encountered.",neutral
"Spectacular innovation! Revolutionary features!",positive
"Horrible thermal paste. Overheats constantly.",negative
"Standard build quality. Typical construction.",neutral
"Perfect engineering! Technical excellence evident!",positive
"Terrible cooling system. Gets too hot quickly.",negative
"Adequate specifications. Meets basic needs.",neutral